<?xml version="1.0" encoding="utf-8" ?>
<dwsync>
<file name="Aloe.jpg" server="ftp.grandchinamart.com//_vti_cnf/" local="132043333348027869" remote="132109158600000000" Dst="2" />
<file name="bio.jpg" server="ftp.grandchinamart.com//_vti_cnf/" local="132062564242764142" remote="132109158600000000" Dst="2" />
<file name="body pic.png" server="ftp.grandchinamart.com//_vti_cnf/" local="132055421030631478" remote="132109158600000000" Dst="2" />
<file name="body.jpg" server="ftp.grandchinamart.com//_vti_cnf/" local="132082130006038793" remote="132109158600000000" Dst="2" />
<file name="derma.jpg" server="ftp.grandchinamart.com//_vti_cnf/" local="132081567886651458" remote="132109158600000000" Dst="2" />
<file name="Find us.png" server="ftp.grandchinamart.com//_vti_cnf/" local="132073799980409513" remote="132109158600000000" Dst="2" />
<file name="high.jpg" server="ftp.grandchinamart.com//_vti_cnf/" local="132062563175419173" remote="132109158600000000" Dst="2" />
<file name="home page design.jpg" server="ftp.grandchinamart.com//_vti_cnf/" local="132091072560044752" remote="132109158600000000" Dst="2" />
<file name="microdermabrasion.jpg" server="ftp.grandchinamart.com//_vti_cnf/" local="132062560218055660" remote="132109158600000000" Dst="2" />
<file name="option.png" server="ftp.grandchinamart.com//_vti_cnf/" local="132041482116523912" remote="132109158600000000" Dst="2" />
<file name="other.jpg" server="ftp.grandchinamart.com//_vti_cnf/" local="132082130232115691" remote="132109158600000000" Dst="2" />
<file name="oxygen.jpg" server="ftp.grandchinamart.com//_vti_cnf/" local="132062560418308405" remote="132109158600000000" Dst="2" />
<file name="promo1.PNG" server="ftp.grandchinamart.com//_vti_cnf/" local="132055540601037107" remote="132109158600000000" Dst="2" />
<file name="promo2.PNG" server="ftp.grandchinamart.com//_vti_cnf/" local="132055548207097085" remote="132109158600000000" Dst="2" />
<file name="radio.jpg" server="ftp.grandchinamart.com//_vti_cnf/" local="132062560559975889" remote="132109158600000000" Dst="2" />
<file name="Skin care.png" server="ftp.grandchinamart.com//_vti_cnf/" local="132073591185681686" remote="132109158600000000" Dst="2" />
<file name="skin pic.png" server="ftp.grandchinamart.com//_vti_cnf/" local="132055403363183788" remote="132109158600000000" Dst="2" />
<file name="skin tag.jpg" server="ftp.grandchinamart.com//_vti_cnf/" local="132082115148469716" remote="132109158600000000" Dst="2" />
<file name="style.css" server="ftp.grandchinamart.com//_vti_cnf/" local="132091026129443180" remote="132109158600000000" Dst="2" />
<file name="ultra.jpg" server="ftp.grandchinamart.com//_vti_cnf/" local="132062564122187740" remote="132109158600000000" Dst="2" />
<file name="bio.jpg" server="ftp.grandchinamart.com//" local="132062564242764142" remote="132111764400000000" Dst="2" />
<file name="Aloe.jpg" server="ftp.grandchinamart.com//" local="132043333348027869" remote="132111764400000000" Dst="2" />
<file name="derma.jpg" server="ftp.grandchinamart.com//" local="132081567886651458" remote="132111764400000000" Dst="2" />
<file name="body.jpg" server="ftp.grandchinamart.com//" local="132082130006038793" remote="132111764400000000" Dst="2" />
<file name="Find us.png" server="ftp.grandchinamart.com//" local="132073799980409513" remote="132111764400000000" Dst="2" />
<file name="body pic.png" server="ftp.grandchinamart.com//" local="132055421030631478" remote="132111764400000000" Dst="2" />
<file name="high.jpg" server="ftp.grandchinamart.com//" local="132062563175419173" remote="132111764400000000" Dst="2" />
<file name="microdermabrasion.jpg" server="ftp.grandchinamart.com//" local="132062560218055660" remote="132111764400000000" Dst="2" />
<file name="other.jpg" server="ftp.grandchinamart.com//" local="132082130232115691" remote="132111764400000000" Dst="2" />
<file name="home page design.jpg" server="ftp.grandchinamart.com//" local="132091072560044752" remote="132111764400000000" Dst="2" />
<file name="option.png" server="ftp.grandchinamart.com//" local="132041482116523912" remote="132111764400000000" Dst="2" />
<file name="oxygen.jpg" server="ftp.grandchinamart.com//" local="132062560418308405" remote="132111764400000000" Dst="2" />
<file name="promo1.PNG" server="ftp.grandchinamart.com//" local="132055540601037107" remote="132111764400000000" Dst="2" />
<file name="promo2.PNG" server="ftp.grandchinamart.com//" local="132055548207097085" remote="132111764400000000" Dst="2" />
<file name="radio.jpg" server="ftp.grandchinamart.com//" local="132062560559975889" remote="132111764400000000" Dst="2" />
<file name="Skin care.png" server="ftp.grandchinamart.com//" local="132073591185681686" remote="132111764400000000" Dst="2" />
<file name="skin tag.jpg" server="ftp.grandchinamart.com//" local="132082115148469716" remote="132111764400000000" Dst="2" />
<file name="style.css" server="ftp.grandchinamart.com//" local="132111781158016869" remote="132111764400000000" Dst="2" />
<file name="skin pic.png" server="ftp.grandchinamart.com//" local="132055403363183788" remote="132111764400000000" Dst="2" />
<file name="ultra.jpg" server="ftp.grandchinamart.com//" local="132062564122187740" remote="132111764400000000" Dst="2" />
<file name="Aloe.jpg" server="ftp.grandchinamart.com//public_html/" local="132043333348027869" remote="132111756600000000" Dst="2" />
<file name="bio.jpg" server="ftp.grandchinamart.com//public_html/" local="132062564242764142" remote="132111756600000000" Dst="2" />
<file name="derma.jpg" server="ftp.grandchinamart.com//public_html/" local="132081567886651458" remote="132111756600000000" Dst="2" />
<file name="body.jpg" server="ftp.grandchinamart.com//public_html/" local="132082130006038793" remote="132111756600000000" Dst="2" />
<file name="Find us.png" server="ftp.grandchinamart.com//public_html/" local="132073799980409513" remote="132111756600000000" Dst="2" />
<file name="body pic.png" server="ftp.grandchinamart.com//public_html/" local="132055421030631478" remote="132111756600000000" Dst="2" />
<file name="high.jpg" server="ftp.grandchinamart.com//public_html/" local="132062563175419173" remote="132111756600000000" Dst="2" />
<file name="microdermabrasion.jpg" server="ftp.grandchinamart.com//public_html/" local="132062560218055660" remote="132111756600000000" Dst="2" />
<file name="other.jpg" server="ftp.grandchinamart.com//public_html/" local="132082130232115691" remote="132111756600000000" Dst="2" />
<file name="home page design.jpg" server="ftp.grandchinamart.com//public_html/" local="132091072560044752" remote="132111756600000000" Dst="2" />
<file name="option.png" server="ftp.grandchinamart.com//public_html/" local="132041482116523912" remote="132111756600000000" Dst="2" />
<file name="oxygen.jpg" server="ftp.grandchinamart.com//public_html/" local="132062560418308405" remote="132111756600000000" Dst="2" />
<file name="promo2.PNG" server="ftp.grandchinamart.com//public_html/" local="132055548207097085" remote="132111756600000000" Dst="2" />
<file name="promo1.PNG" server="ftp.grandchinamart.com//public_html/" local="132055540601037107" remote="132111756600000000" Dst="2" />
<file name="radio.jpg" server="ftp.grandchinamart.com//public_html/" local="132062560559975889" remote="132111756600000000" Dst="2" />
<file name="Skin care.png" server="ftp.grandchinamart.com//public_html/" local="132073591185681686" remote="132111756600000000" Dst="2" />
<file name="skin tag.jpg" server="ftp.grandchinamart.com//public_html/" local="132082115148469716" remote="132111756600000000" Dst="2" />
<file name="style.css" server="ftp.grandchinamart.com//public_html/" local="132111781158016869" remote="132111756600000000" Dst="2" />
<file name="skin pic.png" server="ftp.grandchinamart.com//public_html/" local="132055403363183788" remote="132111756600000000" Dst="2" />
<file name="ultra.jpg" server="ftp.grandchinamart.com//public_html/" local="132062564122187740" remote="132111756600000000" Dst="2" />
<file name="index.html" server="ftp.grandchinamart.com//" local="132111753120969951" remote="132111764400000000" Dst="2" />
</dwsync>