<?xml version="1.0" encoding="utf-8" ?>
<dwsync>
<file name="Aloe.jpg" server="ftp.grandchinamart.com//public_html/" local="132111756600000000" remote="132111756600000000" Dst="2" />
<file name="bio.jpg" server="ftp.grandchinamart.com//public_html/" local="132111756600000000" remote="132111756600000000" Dst="2" />
<file name="body pic.png" server="ftp.grandchinamart.com//public_html/" local="132111756600000000" remote="132111756600000000" Dst="2" />
<file name="body.jpg" server="ftp.grandchinamart.com//public_html/" local="132111756600000000" remote="132111756600000000" Dst="2" />
<file name="derma.jpg" server="ftp.grandchinamart.com//public_html/" local="132111756600000000" remote="132111756600000000" Dst="2" />
<file name="Evergreen Beauty Salon.html" server="ftp.grandchinamart.com//public_html/" local="132111756600000000" remote="132111756600000000" Dst="2" />
<file name="Find us.png" server="ftp.grandchinamart.com//public_html/" local="132111756600000000" remote="132111756600000000" Dst="2" />
<file name="bio.jpg" server="ftp.grandchinamart.com//" local="132111756600000000" remote="132111778800000000" Dst="2" />
<file name="Aloe.jpg" server="ftp.grandchinamart.com//" local="132111756600000000" remote="132111778800000000" Dst="2" />
<file name="derma.jpg" server="ftp.grandchinamart.com//" local="132111756600000000" remote="132111778800000000" Dst="2" />
<file name="body.jpg" server="ftp.grandchinamart.com//" local="132111756600000000" remote="132111778800000000" Dst="2" />
<file name="body pic.png" server="ftp.grandchinamart.com//" local="132111756600000000" remote="132111778800000000" Dst="2" />
<file name="Evergreen Beauty Salon.html" server="ftp.grandchinamart.com//" local="132111756600000000" remote="132111783600000000" Dst="2" />
<file name="Find us.png" server="ftp.grandchinamart.com//" local="132111756600000000" remote="132111778800000000" Dst="2" />
<file name="high.jpg" server="ftp.grandchinamart.com//" local="132111756600000000" remote="132111778800000000" Dst="2" />
</dwsync>